x, y, th, stamp, 
0.36055402027067507, 2.655109135796454, -2.397971833032623, 2357009000000, 
0.36055500123678647, 2.6551099217866803, -2.3979719276358185, 2357043000000, 
0.360555858586306, 2.6551105923194696, -2.3979720073404844, 2357077000000, 
0.3605564992085177, 2.655111060210954, -2.397972083604366, 2357111000000, 
0.360556846965474, 2.6551112583400442, -2.397972151873186, 2357145000000, 
0.3605568771912781, 2.655111163473031, -2.3979721980567343, 2357179000000, 
0.36055661588057725, 2.6551108004307498, -2.397972226564957, 2357213000000, 
0.36055612303922446, 2.65511022349859, -2.3979722508770562, 2357247000000, 
0.3597059211061962, 2.65432822558669, -2.397968162796607, 2357281000000, 
0.3580047459654144, 2.6527634004439085, -2.3979651414184455, 2357315000000, 
0.3554535053884898, 2.650416795214362, -2.3979671017174358, 2357349000000, 
0.3520517864679398, 2.6472879736910424, -2.397967240452363, 2357383000000, 
0.3479273940063237, 2.6434919555171494, -2.396817201763929, 2357417000000, 
0.3434031872109327, 2.639299164384961, -2.3896766828515736, 2357451000000, 
0.3385300355772708, 2.6346726995572562, -2.372353890217373, 2357485000000, 
0.33372345623085437, 2.629922048184653, -2.351547542402709, 2357519000000, 
0.3289991489167578, 2.625076216157477, -2.3357709086133087, 2357553000000, 
0.3243460497964869, 2.6201594539875814, -2.3206049797599286, 2357587000000, 
0.31977912863947183, 2.6151696400758193, -2.302462461841158, 2357621000000, 
0.31530355822345313, 2.610096525822992, -2.2847411611301798, 2357655000000, 
0.31091187301977385, 2.604946280567776, -2.2685813671107593, 2357689000000, 
0.30660523103767595, 2.599725714176162, -2.2517849509560537, 2357723000000, 
0.30238991557581696, 2.5944324871695215, -2.2342767768931906, 2357757000000, 
0.29826600643103, 2.5890661180662566, -2.217308102466195, 2357791000000, 
0.29423208818196733, 2.5836307289910256, -2.2005999847096223, 2357825000000, 
0.2902906122125257, 2.578128380429354, -2.183522765283131, 2357859000000, 
0.2864439088885221, 2.5725591342095724, -2.166394241766854, 2357893000000, 
0.2826920664557981, 2.566924679140905, -2.1494860879448763, 2357927000000, 
0.2790357339496852, 2.5612274579712713, -2.132550735820044, 2357961000000, 
0.2754766529849181, 2.555468882339545, -2.1154992423069614, 2357995000000, 
0.27201593228617654, 2.5496502217428607, -2.0984931243231664, 2358029000000, 
0.2686541613950082, 2.543773372291792, -2.0815408660935333, 2358063000000, 
0.2653923747607213, 2.537840193909943, -2.0645495618208938, 2358097000000, 
0.26223179311851313, 2.5318522412081554, -2.04753801287214, 2358131000000, 
0.2591729214016988, 2.525811188044439, -2.030548460230359, 2358165000000, 
0.2562167275260266, 2.519718874029952, -2.0135437276481603, 2358199000000, 
0.25336449699601216, 2.513577294494225, -1.9965286277366718, 2358233000000, 
0.25061716873699724, 2.5073884047789625, -1.9795365550283306, 2358267000000, 
0.2479756309905049, 2.5011547863674166, -1.9625520093125466, 2358301000000, 
0.24544071776305507, 2.4948781595904572, -1.9455551760572523, 2358335000000, 
0.2430132439172303, 2.4885604250227202, -1.9285556520131455, 2358369000000, 
0.24069396157045186, 2.482203224974654, -1.9115583907350653, 2358403000000, 
0.23848310900520495, 2.475808557019855, -1.8945538397870623, 2358437000000, 
0.23638178190149176, 2.4693775006889025, -1.8775419582696364, 2358471000000, 
0.23439017927311714, 2.462911812584966, -1.8605275628151385, 2358505000000, 
0.2325089953909134, 2.4564129130717616, -1.8435153972457201, 2358539000000, 
0.23073852020963062, 2.449882542031476, -1.8265143863883762, 2358573000000, 
0.22907916547554294, 2.4433225960586875, -1.809524890119523, 2358607000000, 
0.2275314239079849, 2.4367350256179283, -1.792526262674146, 2358641000000, 
0.22609582447232887, 2.430121721427627, -1.7755228943248824, 2358675000000, 
0.22477279460872993, 2.4234845854864653, -1.7585250624114859, 2358709000000, 
0.22356270777322487, 2.4168255571632105, -1.7415279242641295, 2358743000000, 
0.2224659339999611, 2.410146575076948, -1.7245271624640046, 2358777000000, 
0.2214827992420271, 2.403449572092073, -1.707526641437426, 2358811000000, 
0.2206135719326386, 2.396736494158612, -1.6905279432552505, 2358845000000, 
0.21985848618136114, 2.390009314225443, -1.6735286854725797, 2358879000000, 
0.21921774977028782, 2.3832697128158697, -1.6565291061067848, 2358913000000, 
0.21869152812571604, 2.3765198083372914, -1.6395308604256524, 2358947000000, 
0.2182799583468503, 2.369761573578123, -1.6225320935269103, 2358981000000, 
0.21798316485471017, 2.362996949925276, -1.6055345924876576, 2359015000000, 
0.21780148962429935, 2.356228028464323, -1.5885508443243181, 2359049000000, 
0.21773417329277123, 2.3494575446868713, -1.5715616098603677, 2359083000000, 
0.2177825340133105, 2.3426870908298683, -1.554564769250823, 2359117000000, 
0.2179452649816578, 2.3359194385262367, -1.5375696591143821, 2359151000000, 
0.2182213052161592, 2.329167911876403, -1.5205333697987045, 2359185000000, 
0.21861384176007226, 2.3224407556629068, -1.503208059959606, 2359219000000, 
0.219123383656366, 2.3157315744878875, -1.4856150431013473, 2359253000000, 
0.21975011164121513, 2.3090386636621973, -1.46806177300739, 2359287000000, 
0.22049671496003162, 2.3023534563697785, -1.4506002418139108, 2359321000000, 
0.22135980519950532, 2.2956832925132704, -1.433098082819479, 2359355000000, 
0.2223381640430381, 2.289033922317237, -1.4155293688815278, 2359389000000, 
0.22343250957603544, 2.2824064036746985, -1.3979382267053369, 2359423000000, 
0.2246444193631759, 2.2758003192360206, -1.3802938438367083, 2359457000000, 
0.22597241552590938, 2.2692225620284705, -1.362590210795593, 2359491000000, 
0.22741600033195003, 2.2626743297611616, -1.344761712709201, 2359525000000, 
0.22898945579451183, 2.2561025458042385, -1.3272378633196082, 2359559000000, 
0.2306763951362458, 2.2495455618401023, -1.3106001238875347, 2359593000000, 
0.2324718471886652, 2.2430177218390215, -1.293818000176218, 2359627000000, 
0.23437766928595388, 2.2365223906829748, -1.2765713594334493, 2359661000000, 
0.23639464790734274, 2.230060748394292, -1.259523905941032, 2359695000000, 
0.23852070292202165, 2.223634037189345, -1.2426829595803464, 2359729000000, 
0.24075430045317528, 2.2172447809457765, -1.2256765069773154, 2359763000000, 
0.24309664872385425, 2.210895030325122, -1.2085947594881454, 2359797000000, 
0.24554668065394708, 2.2045861745802577, -1.1916212442372278, 2359831000000, 
0.2481028533169079, 2.1983198102639787, -1.174661387071355, 2359865000000, 
0.2507652578519493, 2.192097973639206, -1.1576346527095536, 2359899000000, 
0.25353313162390834, 2.1859222549122657, -1.1406172455737007, 2359933000000, 
0.25640551424922015, 2.1797942225616342, -1.1236335451316906, 2359967000000, 
0.2593815169791094, 2.173715592181734, -1.1066387032617877, 2360001000000, 
0.2624606967164478, 2.1676881998955233, -1.0896260425255013, 2360035000000, 
0.26564185495067383, 2.1617136906568524, -1.072628170439579, 2360069000000, 
0.2689241952997182, 2.155793830441648, -1.0556377524577119, 2360103000000, 
0.27230662940273664, 2.1499303828571725, -1.0386370982796542, 2360137000000, 
0.27578825337695834, 2.1441251612928873, -1.0216382120686596, 2360171000000, 
0.27936810475731444, 2.138379959824398, -1.0046455954123839, 2360205000000, 
0.283044545128245, 2.1326962894069657, -0.9876514232940048, 2360239000000, 
0.28681713144598153, 2.1270761376282383, -0.9706522388013237, 2360273000000, 
0.29068432567213237, 2.121520958693771, -0.9536555206168079, 2360307000000, 
0.29464535287595156, 2.116032551782605, -0.9366591218817103, 2360341000000, 
0.2986990750057581, 2.11061250671603, -0.9196594648919658, 2360375000000, 
0.30284385821422827, 2.1052620111656775, -0.9026580214612894, 2360409000000, 
0.3070793865573113, 2.0999831612088635, -0.8856573158404075, 2360443000000, 
0.31140359799275963, 2.094776764083168, -0.8686555214580302, 2360477000000, 
0.31581593311983647, 2.0896447259291344, -0.8516531409115825, 2360511000000, 
0.32031497574815043, 2.0845883745058984, -0.8346519297619935, 2360545000000, 
0.3248994446147244, 2.079609089655897, -0.817650358131877, 2360579000000, 
0.3295680234887819, 2.074708306995493, -0.8006511158325137, 2360613000000, 
0.3343075103414602, 2.069891914648544, -0.783634873137027, 2360647000000, 
0.33910960212336916, 2.065185634608591, -0.7661163702792827, 2360681000000, 
0.3440085586796306, 2.0605460669569173, -0.7484419605350057, 2360715000000, 
0.3489971573419454, 2.055983573190261, -0.7314772749398437, 2360749000000, 
0.35407097899373186, 2.0515015565326, -0.7146975187770511, 2360783000000, 
0.35921949289813593, 2.0471067665109066, -0.6976232377774751, 2360817000000, 
0.3644419183365661, 2.0428008182618047, -0.6805222289185549, 2360851000000, 
0.3697367780098938, 2.0385843715088687, -0.6635858163375972, 2360885000000, 
0.3750994137381467, 2.0344595736129083, -0.646614264513995, 2360919000000, 
0.3805203636230646, 2.030434459380726, -0.6294312162040892, 2360953000000, 
0.3859997175348933, 2.026512020403383, -0.6120458902220123, 2360987000000, 
0.3915437444591201, 2.022687909306026, -0.5945708917751862, 2361021000000, 
0.39715004218891375, 2.01896151632191, -0.577141282138516, 2361055000000, 
0.40284052328897657, 2.0153216026899874, -0.5598474236072016, 2361089000000, 
0.40860455718563005, 2.01177401464722, -0.5429012921068075, 2361123000000, 
0.4144286513159886, 2.008324574004541, -0.5260288449733294, 2361157000000, 
0.42030950307874554, 2.0049740490679273, -0.5089627734461232, 2361191000000, 
0.42624703067891245, 2.0017247497353714, -0.49190039469841706, 2361225000000, 
0.43223855762750213, 1.9985762207439857, -0.4749447550547554, 2361259000000, 
0.4382830300340406, 1.9955302152293768, -0.4579600402939565, 2361293000000, 
0.44437785999318535, 1.992587025100763, -0.44092311072480267, 2361327000000, 
0.4505221342654882, 1.9897480984312064, -0.4239143799525297, 2361361000000, 
0.4567141439232628, 1.9870141666233403, -0.40692529397518185, 2361395000000, 
0.4629506958187181, 1.984385612342419, -0.38991890874068175, 2361429000000, 
0.4692286589516584, 1.9818641135512651, -0.3728767242174253, 2361463000000, 
0.4755504602604719, 1.979449672242152, -0.3558163089614401, 2361497000000, 
0.4819147805594278, 1.9771433621589347, -0.3388230840736876, 2361531000000, 
0.4883171287631345, 1.9749451451698985, -0.32185345068694715, 2361565000000, 
0.4947556254167838, 1.9728558930060065, -0.3048407336163469, 2361599000000, 
0.5012286337412688, 1.9708766300064229, -0.2878220058834414, 2361633000000, 
0.5077345012272649, 1.9690080013384266, -0.2708275071725689, 2361667000000, 
0.5142658753799381, 1.9672505225055803, -0.25381626769910925, 2361701000000, 
0.5208167738162583, 1.9656084294602545, -0.23663890851129657, 2361735000000, 
0.5273923110687241, 1.9640792221752648, -0.21935872027973607, 2361769000000, 
0.5339880345824195, 1.9626654945407158, -0.2020965886519239, 2361803000000, 
0.5406203777896972, 1.9613616169867334, -0.18489608852355727, 2361837000000, 
0.5472837358493654, 1.960171852326339, -0.16790422916998266, 2361871000000, 
0.5539663945406449, 1.9590949051171802, -0.15099150891427288, 2361905000000, 
0.5606659399801003, 1.958131300844085, -0.13396164650378675, 2361939000000, 
0.5673807904485627, 1.9572820204146786, -0.11691177457992878, 2361973000000, 
0.5741093883249274, 1.9565473382167056, -0.09993336927404055, 2362007000000, 
0.5808493115391054, 1.9559265680983255, -0.08294543565859858, 2362041000000, 
0.5875954465026099, 1.9554207282694507, -0.06589664687031561, 2362075000000, 
0.5943451846911383, 1.955030560110813, -0.048776514993352324, 2362109000000, 
0.6011076078991856, 1.9547556601059588, -0.03171658200210411, 2362143000000, 
0.6078749354054284, 1.9545961130501128, -0.014775225154554752, 2362177000000, 
0.6146438991748411, 1.9545512470526034, 0.0022078197816962487, 2362211000000, 
0.6214123032144854, 1.9546209814433244, 0.019248969653906878, 2362245000000, 
0.6281787093032576, 1.9548064155173974, 0.036254254532843304, 2362279000000, 
0.6349408164209535, 1.95510629332606, 0.053235638082836635, 2362313000000, 
0.6416968472866418, 1.9555212558554151, 0.07024550132201421, 2362347000000, 
0.6484446669864923, 1.9560506825014532, 0.0872623543364764, 2362381000000, 
0.6551709513326381, 1.9566960995418072, 0.10432324348524571, 2362415000000, 
0.6618792817859153, 1.957454847222062, 0.12156145997038345, 2362449000000, 
0.668572389431271, 1.9583298843132264, 0.1388567165140299, 2362483000000, 
0.6752526367041675, 1.9593218892716044, 0.1560892195355673, 2362517000000, 
0.6819295823462579, 1.960428439241798, 0.17311911703655877, 2362551000000, 
0.688587905316157, 1.961648272924489, 0.19000909048203135, 2362585000000, 
0.6952242389811946, 1.962980583688644, 0.2070205279205139, 2362619000000, 
0.7018366291798229, 1.964425583343962, 0.2240835667733318, 2362653000000, 
0.7084234702915286, 1.9659831283126132, 0.24106747037395024, 2362687000000, 
0.7149829219924251, 1.9676522969589672, 0.25804541165532624, 2362721000000, 
0.7215099611900038, 1.9694325442783256, 0.2750717449858592, 2362755000000, 
0.727997089355392, 1.971323204735666, 0.29219566376510137, 2362789000000, 
0.734451555072075, 1.9733263309121116, 0.3094106522194696, 2362823000000, 
0.7408803823719692, 1.9754402548816132, 0.326471099478103, 2362857000000, 
0.7472741852797501, 1.9776631253351131, 0.34336244338659605, 2362891000000, 
0.7536293188112013, 1.9799933871962843, 0.36035237823095834, 2362925000000, 
0.7599436519503789, 1.9824316143916363, 0.3774122254935355, 2362959000000, 
0.7662156131742863, 1.984976716142786, 0.39440250247972697, 2362993000000, 
0.7724434320010102, 1.987628204995845, 0.4113714075367624, 2363027000000, 
0.7786252531814399, 1.990384559956624, 0.42838688527113833, 2363061000000, 
0.7847591807890819, 1.9932458845226095, 0.44540579379517864, 2363095000000, 
0.7908425329118687, 1.996211273835528, 0.46239811310465817, 2363129000000, 
0.7968694300681833, 1.9992788928682994, 0.47943873374637447, 2363163000000, 
0.802842599926262, 2.0024501608142553, 0.49657785798858345, 2363197000000, 
0.8087674119270396, 2.0057233462754933, 0.5136126126513298, 2363231000000, 
0.8146360604162532, 2.0090967048059745, 0.5305315009846014, 2363265000000, 
0.8204464920774257, 2.0125689662343897, 0.5475273557974156, 2363299000000, 
0.8261968455057351, 2.016139415355135, 0.5645705478006223, 2363333000000, 
0.8318856442623228, 2.0198070824155736, 0.5815583481356205, 2363367000000, 
0.8375112415829012, 2.023570901278544, 0.5985388563892764, 2363401000000, 
0.8430719885112822, 2.0274296322186802, 0.6155510603393011, 2363435000000, 
0.8485663251114026, 2.0313823510956777, 0.6325630119904824, 2363469000000, 
0.8539911219667023, 2.0354283286111317, 0.6495610392956235, 2363503000000, 
0.8593478860687015, 2.0395658578353593, 0.6665726309266841, 2363537000000, 
0.8646335430159388, 2.04379399613721, 0.683573340281971, 2363571000000, 
0.8698465046631494, 2.048111589006048, 0.7005661530017462, 2363605000000, 
0.8749854949873567, 2.052516904826136, 0.7175644096528679, 2363639000000, 
0.8800487793649358, 2.057009003472258, 0.7345660879812906, 2363673000000, 
0.885034846845082, 2.061586605586469, 0.7515641125599642, 2363707000000, 
0.889942683130945, 2.0662478335483856, 0.7685621264016403, 2363741000000, 
0.8947705080388522, 2.0709918683466157, 0.7855623689278813, 2363775000000, 
0.8995168275118862, 2.0758174516903183, 0.8025642058039792, 2363809000000, 
0.9041806420769889, 2.080722811199509, 0.8195658001867051, 2363843000000, 
0.9087601320688917, 2.0857069924984093, 0.8365669311275897, 2363877000000, 
0.9132543726426356, 2.0907684126373156, 0.8535669098220978, 2363911000000, 
0.9176620034348213, 2.0959054562167356, 0.8705666350433666, 2363945000000, 
0.9219813981575318, 2.101116999626058, 0.8875647642216966, 2363979000000, 
0.9262117156418609, 2.106401013742374, 0.9045634166016346, 2364013000000, 
0.9303516984081651, 2.111755927482224, 0.9215613471592411, 2364047000000, 
0.9343999510972821, 2.117180463732326, 0.9385635467177934, 2364081000000, 
0.9383551967432143, 2.1226731097238867, 0.955563624126266, 2364115000000, 
0.9422168418235249, 2.1282317944520015, 0.9725650854885688, 2364149000000, 
0.9459831003733121, 2.133855569186306, 0.9895689087879176, 2364183000000, 
0.9496525667225534, 2.1395404603819017, 1.0065716545782875, 2364217000000, 
0.9532236395155953, 2.1452855123318857, 1.023628975768144, 2364251000000, 
0.9566977091521912, 2.1510941018728382, 1.040691119593139, 2364285000000, 
0.9600723668353245, 2.1569619247629213, 1.0576551807115069, 2364319000000, 
0.9633475942890247, 2.162885492228135, 1.0746276348754589, 2364353000000, 
0.9665210700276571, 2.168864384730297, 1.0916516920019088, 2364387000000, 
0.9695928898601462, 2.1748956939648383, 1.1086585373823812, 2364421000000, 
0.9725613960560092, 2.1809788054747385, 1.1256425858889223, 2364455000000, 
0.9754264836459535, 2.187110973104478, 1.1426436867929048, 2364489000000, 
0.9781865105667847, 2.1932913190359273, 1.1596525355961005, 2364523000000, 
0.9808413428068132, 2.1995174568856886, 1.1766508834342606, 2364557000000, 
0.9833896427367459, 2.2057881588001758, 1.1936465823566347, 2364591000000, 
0.9858312904919294, 2.212101229467592, 1.2106500848698227, 2364625000000, 
0.9881649200574926, 2.218455194560219, 1.2276487317862144, 2364659000000, 
0.990390537345659, 2.2248477479845485, 1.2446416325114942, 2364693000000, 
0.9925069244563884, 2.2312773311377625, 1.2616415644424868, 2364727000000, 
0.9945138636531853, 2.2377417341537265, 1.2786423702440621, 2364761000000, 
0.9964107957524774, 2.244239121067425, 1.2956435175864338, 2364795000000, 
0.9981965992887508, 2.250767993861386, 1.31264285523007, 2364829000000, 
0.9998713139193882, 2.2573261380318685, 1.3296459291927631, 2364863000000, 
1.0014346023442644, 2.2639116003720297, 1.346647433362393, 2364897000000, 
1.002885440473989, 2.2705228481981323, 1.3636477992319058, 2364931000000, 
1.004223603786721, 2.277158015651574, 1.3806466311966146, 2364965000000, 
1.0054490600446395, 2.2838149099569973, 1.3976487923050402, 2364999000000, 
1.0065606692420612, 2.2904921099755073, 1.414643235243903, 2365033000000, 
1.0075592934360444, 2.297186966085283, 1.431638682978403, 2365067000000, 
1.008443397812023, 2.3038980672753175, 1.4486370363277048, 2365101000000, 
1.009213993884895, 2.3106228368401083, 1.4656356614447166, 2365135000000, 
1.0098697680868982, 2.3173598371671864, 1.4826361582726753, 2365169000000, 
1.0104110900171956, 2.3241068511319747, 1.499634401412605, 2365203000000, 
1.0108374597268557, 2.3308621049573426, 1.5166364273592474, 2365237000000, 
1.011149247552841, 2.3376234655798283, 1.5336381379848576, 2365271000000, 
1.0113454774664532, 2.3443893564704483, 1.5506387027590072, 2365305000000, 
1.0114270537283132, 2.3511575409225762, 1.5676365645952395, 2365339000000, 
1.0113933158203774, 2.357926200087103, 1.5846366632309705, 2365373000000, 
1.0112444823069313, 2.364693413227555, 1.6016354235335863, 2365407000000, 
1.01098083899177, 2.3714570914853796, 1.6186344698827693, 2365441000000, 
1.0106021021701792, 2.378215374705682, 1.6356306560864775, 2365475000000, 
1.0101087179185428, 2.3849662096084825, 1.652629072523191, 2365509000000, 
1.0095007391562594, 2.391707642939391, 1.669626904008244, 2365543000000, 
1.008778357335935, 2.3984377223676563, 1.686625492649192, 2365577000000, 
1.0079415288123128, 2.4051545690117413, 1.7036259826317723, 2365611000000, 
1.0069907022178353, 2.4118562214651527, 1.7206261849583429, 2365645000000, 
1.0059262119819317, 2.418540702173556, 1.7376248778089034, 2365679000000, 
1.0047482012757176, 2.4252061690889097, 1.7546259039903962, 2365713000000, 
1.0034567790750346, 2.4318507293456553, 1.7716242257504202, 2365747000000, 
1.0020526865393213, 2.4384723798033465, 1.7886225673232317, 2365781000000, 
1.0005363330976835, 2.4450691409227767, 1.8056201274172217, 2365815000000, 
0.9989081770551794, 2.451639160900695, 1.8226191327318038, 2365849000000, 
0.997168458349504, 2.4581805212380976, 1.839619102626332, 2365883000000, 
0.9953177421233518, 2.4646912961256184, 1.8566171831838354, 2365917000000, 
0.9933569605443369, 2.4711697167110644, 1.873617809056885, 2365951000000, 
0.9912860404588968, 2.4776138643802144, 1.8906157591737363, 2365985000000, 
0.9891059657564631, 2.4840218260509364, 1.9076153471794906, 2366019000000, 
0.9868171320455341, 2.490391921967818, 1.9246149110106014, 2366053000000, 
0.9844203151021822, 2.496722140973196, 1.941612865912622, 2366087000000, 
0.9819164102713255, 2.5030107508846657, 1.9586104298084783, 2366121000000, 
0.979305703447438, 2.5092558357813246, 1.975610459843587, 2366155000000, 
0.9765894785867815, 2.515455664935212, 1.9926078360740467, 2366189000000, 
0.9737684127167577, 2.5216083948261496, 2.009608010217633, 2366223000000, 
0.9708429411920688, 2.527712241243351, 2.0266090232240668, 2366257000000, 
0.9678144132503325, 2.533765529995121, 2.04360813641542, 2366291000000, 
0.9646831190464362, 2.5397664052345887, 2.0606069793306996, 2366325000000, 
0.9614505792371779, 2.5457133149881335, 2.077605859034373, 2366359000000, 
0.9581170803531143, 2.551604306597928, 2.0946052464658216, 2366393000000, 
0.9546842071987218, 2.5574379679864028, 2.1116026736741214, 2366427000000, 
0.9511523188821003, 2.5632122709871497, 2.128601036017185, 2366461000000, 
0.9475231384100805, 2.568925803957816, 2.145599228764398, 2366495000000, 
0.943797068069865, 2.574576657022878, 2.162600067744087, 2366529000000, 
0.9399757685917486, 2.580163443984257, 2.1795991656285443, 2366563000000, 
0.9360600225608919, 2.58568441327672, 2.1965994674363016, 2366597000000, 
0.9320507003494335, 2.591137801539957, 2.213599689375638, 2366631000000, 
0.9279496879933077, 2.596522500795651, 2.230601275397856, 2366665000000, 
0.923757401448319, 2.60183649050872, 2.2476000451928644, 2366699000000, 
0.9194755773923121, 2.6070786307761757, 2.264599837260573, 2366733000000, 
0.9151049239717859, 2.612247004267751, 2.2815991481750566, 2366767000000, 
0.9106474098109235, 2.617340662675075, 2.2985974373869986, 2366801000000, 
0.906103679567702, 2.6223576142278238, 2.3155974309959872, 2366835000000, 
0.9014754584841062, 2.6272968016397455, 2.3325949732218567, 2366869000000, 
0.8967637451464323, 2.632156411113262, 2.3495939225506937, 2366903000000, 
0.8919704386834368, 2.63693545108236, 2.3665924028658485, 2366937000000, 
0.8870965235015473, 2.6416322342913356, 2.3835924619461166, 2366971000000, 
0.8821432260735529, 2.646245207586567, 2.4005929055419806, 2367005000000, 
0.8771126900751584, 2.650773706270617, 2.417594976230915, 2367039000000, 
0.8720055678590753, 2.655215733365258, 2.434593406898064, 2367073000000, 
0.8668238669916891, 2.6595704827141162, 2.451594074820782, 2367107000000, 
0.8615685210837688, 2.6638362326955196, 2.468594331124036, 2367141000000, 
0.8562417098292233, 2.6680123856030775, 2.485593010016622, 2367175000000, 
0.850844384028082, 2.672097106826281, 2.5025901671246347, 2367209000000, 
0.8453786302086845, 2.676089703433594, 2.5195910380784965, 2367243000000, 
0.8398455181531519, 2.6799884998660835, 2.536589294553903, 2367277000000, 
0.8342474477350753, 2.6837930693645764, 2.553588506152168, 2367311000000, 
0.8285852359347649, 2.687501649040596, 2.5705927006202898, 2367345000000, 
0.8228610025984359, 2.6911135650891773, 2.5875929911070656, 2367379000000, 
0.8170758715644681, 2.6946273321261587, 2.6045933571529134, 2367413000000, 
0.811232187513168, 2.6980425794617178, 2.6215940158021733, 2367447000000, 
0.8053310962741123, 2.7013578120888853, 2.6385948660387024, 2367481000000, 
0.7993743895455723, 2.704572227490043, 2.6555928953295482, 2367515000000, 
0.7933640861732386, 2.707685140390828, 2.672592560638228, 2367549000000, 
0.7873012813367184, 2.7106951121643585, 2.689590576623374, 2367583000000, 
0.7811886583996683, 2.713602102938547, 2.7065881572346115, 2367617000000, 
0.7750271113109606, 2.7164044579827324, 2.7235846850682184, 2367651000000, 
0.7688191148678682, 2.7191019901115037, 2.7405842673535235, 2367685000000, 
0.7625660725060104, 2.7216935269323264, 2.757583375773436, 2367719000000, 
0.7562696484734593, 2.724178129137598, 2.7745826143929753, 2367753000000, 
0.7499323779833108, 2.7265558653023017, 2.7915816336675747, 2367787000000, 
0.7435552291972463, 2.7288250297696095, 2.8085810392865835, 2367821000000, 
0.7371404937309919, 2.7309855147504987, 2.8255814585699297, 2367855000000, 
0.7306899482663223, 2.7330365237209895, 2.8425778140402698, 2367889000000, 
0.7242057590233215, 2.734977911752279, 2.8595771291887, 2367923000000, 
0.7176893785402625, 2.7368085546940946, 2.8765795788864628, 2367957000000, 
0.7111428266139753, 2.738528171633468, 2.893579123682366, 2367991000000, 
0.7045679228852888, 2.7401361657013092, 2.9105783443087643, 2368025000000, 
0.6979666601446244, 2.741632375574317, 2.927577208173076, 2368059000000, 
0.6913409375579712, 2.7430162622158294, 2.9445769207837804, 2368093000000, 
0.6846923855915482, 2.7442869817643385, 2.9615748826951753, 2368127000000, 
0.6780233873655575, 2.7454450046462706, 2.978573776366193, 2368161000000, 
0.6713355157667523, 2.7464891824003725, 2.9955712816828584, 2368195000000, 
0.6646308306931817, 2.7474194853912604, 3.0125718093933176, 2368229000000, 
0.6579114632319507, 2.748235919885056, 3.0295682060655804, 2368263000000, 
0.6511792803265734, 2.748938177385111, 3.046566736124568, 2368297000000, 
0.6444360211494699, 2.749525535873675, 3.0635683069969977, 2368331000000, 
0.6376838781083827, 2.749998485673663, 3.0805677792830264, 2368365000000, 
0.630924508365492, 2.7503561926913593, 3.0975648732281615, 2368399000000, 
0.6241601984674254, 2.750599443936109, 3.114564389812887, 2368433000000, 
0.6173925194830848, 2.7507271535925937, 3.131564914690441, 2368467000000, 
0.610623754936313, 2.7507402987742906, -3.13462460636691, 2368501000000, 
0.603855631887998, 2.7506380100783447, -3.117627549535543, 2368535000000, 
0.5970903464162463, 2.750421033468525, -3.1006292888006417, 2368569000000, 
0.5903297013431504, 2.7500888803273984, -3.0836303930478097, 2368603000000, 
0.5835757057399482, 2.749641754832952, -3.0666319521150087, 2368637000000, 
0.5768303865078361, 2.7490802622837895, -3.0496307514368954, 2368671000000, 
0.5700955037261102, 2.7484038294524087, -3.0326330597262943, 2368705000000, 
0.5633730588236615, 2.747612939725038, -3.015634772673908, 2368739000000, 
0.556665115153182, 2.7467082483007474, -2.9986348918304366, 2368773000000, 
0.5499734202444919, 2.7456894472692808, -2.9816344068899623, 2368807000000, 
0.5433000021335707, 2.744557130882699, -2.9646390976539805, 2368841000000, 
0.5366467557778918, 2.7433113858871345, -2.9476416273260058, 2368875000000, 
0.5300157039307263, 2.7419532937225073, -2.9306419232164362, 2368909000000, 
0.5234086702970421, 2.740482364750229, -2.9136440568255466, 2368943000000, 
0.5168275656258534, 2.738899445091844, -2.896646143717911, 2368977000000, 
0.510274363581893, 2.737205067569696, -2.8796482317175456, 2369011000000, 
0.5037508795019435, 2.7353991533727697, -2.86264824975169, 2369045000000, 
0.4972590244516395, 2.73348304829228, -2.8456503727267024, 2369079000000, 
0.49080066992493676, 2.731456470247182, -2.828651976837368, 2369113000000, 
0.48437774254870103, 2.7293205515208774, -2.8116536646527757, 2369147000000, 
0.47799209272059906, 2.727075525423577, -2.7946545142419374, 2369181000000, 
0.47164553176109136, 2.7247223318944167, -2.7776555683103634, 2369215000000, 
0.4653399509697222, 2.7222618600380395, -2.7606571182789725, 2369249000000, 
0.45907712664593536, 2.719694415366838, -2.7436575192630928, 2369283000000, 
0.45285883788122216, 2.7170209463247317, -2.7266584826635354, 2369317000000, 
0.44668688028613157, 2.7142421409237847, -2.7096588889528186, 2369351000000, 
0.44056300975189144, 2.7113588120839602, -2.692662156861691, 2369385000000, 
0.4344889840852416, 2.7083719436593534, -2.6756640337904196, 2369419000000, 
0.42846663777537675, 2.7052819871918063, -2.65866567395162, 2369453000000, 
0.4224975759359176, 2.7020904515527873, -2.6416675243885783, 2369487000000, 
0.4165836875646388, 2.6987976691067987, -2.6246705914105117, 2369521000000, 
0.41072656037331323, 2.695405039847485, -2.6076712546210588, 2369555000000, 
0.4049281198905569, 2.691913024149638, -2.5906729558530146, 2369589000000, 
0.39918974224843784, 2.688323349239205, -2.5736740360622576, 2369623000000, 
0.39351324931265064, 2.684636635577125, -2.5566731731295556, 2369657000000, 
0.3879003503211275, 2.6808537653172677, -2.539672999419532, 2369691000000, 
0.3823525439145532, 2.676976065889569, -2.522674203230312, 2369725000000, 
0.3768713901998564, 2.673004751688681, -2.5056760712165187, 2369759000000, 
0.3714586238995243, 2.668940602446264, -2.488674797759897, 2369793000000, 
0.3661156062760773, 2.664785205358591, -2.471678730711635, 2369827000000, 
0.3608441435283183, 2.6605393369571417, -2.4546807178856573, 2369861000000, 
0.35564540478587897, 2.6562048018150426, -2.437679954362478, 2369895000000, 
0.35052141443694596, 2.651782111488436, -2.4206829192386863, 2369929000000, 
0.3454731078838259, 2.647273369059775, -2.4036853072149786, 2369963000000, 
0.3405022253126334, 2.6426794556598665, -2.386684583863879, 2369997000000, 
0.33561036551008244, 2.638001460242252, -2.3696828511850603, 2370031000000, 
0.3307984580276102, 2.63324132655766, -2.3526835636043932, 2370065000000, 
0.32606842543028713, 2.628399781833071, -2.3356847675961716, 2370099000000, 
0.3214211294324401, 2.6234787318707316, -2.3186841512804928, 2370133000000, 
0.31685844380813916, 2.618479046412939, -2.3016856250812308, 2370167000000, 
0.31238099179850687, 2.613402904860011, -2.284687991532352, 2370201000000, 
0.30799071659027827, 2.608251091390421, -2.2676879864710853, 2370235000000, 
0.30368842752534864, 2.603025533812049, -2.2506909966801327, 2370269000000, 
0.2994758121093509, 2.5977273670643797, -2.23369282620661, 2370303000000, 
0.29535355035640043, 2.5923587307679616, -2.2166934485722534, 2370337000000, 
0.2913234684162502, 2.586920504335365, -2.1996946516199687, 2370371000000, 
0.28738642364910083, 2.5814146501902386, -2.1826954593153163, 2370405000000, 
0.2835432803218635, 2.5758430090178877, -2.16569279645797, 2370439000000, 
0.2797957837477836, 2.5702064822817716, -2.148693068592604, 2370473000000, 
0.27614450286234715, 2.5645072577927883, -2.131693939179306, 2370507000000, 
0.2725907531318756, 2.5587466150599627, -2.1146933239288512, 2370541000000, 
0.2691352757513337, 2.5529265494210778, -2.097692787360546, 2370575000000, 
0.26577951284301315, 2.547048261275753, -2.0806957288193377, 2370609000000, 
0.2625238490358431, 2.541114091300663, -2.0636975761071628, 2370643000000, 
0.2593695834034643, 2.5351253862016394, -2.0466980127925156, 2370677000000, 
0.2563175701708247, 2.5290838963229008, -2.029695980695876, 2370711000000, 
0.2533687278313499, 2.522991207834504, -2.012699307218638, 2370745000000, 
0.250523654720043, 2.516849496012579, -1.995701348098833, 2370779000000, 
0.24778377216317335, 2.5106599113537578, -1.9787019148367344, 2370813000000, 
0.24514900207443416, 2.5044250869508726, -1.9617039950388482, 2370847000000, 
0.24262094354424715, 2.498146065540091, -1.9447071163155771, 2370881000000, 
0.2402000257893521, 2.491824947625956, -1.9277070546006536, 2370915000000, 
0.23788652638812663, 2.4854639421277946, -1.9107103972237622, 2370949000000, 
0.23568197689008755, 2.479064157165747, -1.8937123626909096, 2370983000000, 
0.23358590860551565, 2.4726283096839055, -1.8767123034962554, 2371017000000, 
0.23160001938328093, 2.4661574050345734, -1.8597140450979706, 2371051000000, 
0.22972429199676278, 2.4596537394418303, -1.8427160265247713, 2371085000000, 
0.22795922392795315, 2.453119245828658, -1.825717393315297, 2371119000000, 
0.2263056338608127, 2.4465555821964124, -1.8087155690965973, 2371153000000, 
0.22476388150322485, 2.439964653443095, -1.7917195339179635, 2371187000000, 
0.22333465166824634, 2.4333483577690647, -1.7747215521647834, 2371221000000, 
0.22201752167191025, 2.426709067282627, -1.757721684273084, 2371255000000, 
0.22081382500188632, 2.420048179506451, -1.7407228517839757, 2371289000000, 
0.21972379985333995, 2.4133677170354635, -1.7237244999084222, 2371323000000, 
0.2187467581638629, 2.4066700637332747, -1.706723634724158, 2371357000000, 
0.21788428529380038, 2.3999564878987703, -1.6897247176578805, 2371391000000, 
0.2171356090654897, 2.3932293880638564, -1.6727270596185557, 2371425000000, 
0.21650184434208497, 2.3864903010933034, -1.6557281055989301, 2371459000000, 
0.21598216163625472, 2.379741561332799, -1.6387301277934587, 2371493000000, 
0.21557774166176008, 2.3729847475783035, -1.6217325554813893, 2371527000000, 
0.21528772790968362, 2.3662221493177955, -1.6047352534037322, 2371561000000, 
0.21511314063325165, 2.3594554124979905, -1.5877370705256337, 2371595000000, 
0.21505311864340534, 2.3526868657662927, -1.570741493965748, 2371629000000, 
0.21510834124072836, 2.3459182554639972, -1.55374367898377, 2371663000000, 
0.21527902017683842, 2.3391514692717434, -1.536744054683298, 2371697000000, 
0.21556420789018937, 2.3323887889133577, -1.5197459363656913, 2371731000000, 
0.21596439136790602, 2.3256319378015164, -1.502748100280163, 2371765000000, 
0.21647956239555244, 2.318882851370894, -1.4857489792315657, 2371799000000, 
0.21710930893235078, 2.3121435371272234, -1.4687489709589536, 2371833000000, 
0.2178536660969058, 2.3054158424524074, -1.451749420950793, 2371867000000, 
0.21871207756014657, 2.298701796771285, -1.4347526105650794, 2371901000000, 
0.21968446606690142, 2.2920032597727626, -1.417754605201915, 2371935000000, 
0.2207708028707238, 2.285322159653158, -1.4007574263608917, 2371969000000, 
0.22197019393760384, 2.27866048137159, -1.3837596191802093, 2372003000000, 
0.2232828570058924, 2.2720201276472416, -1.3667640879916498, 2372037000000, 
0.22470809093187488, 2.2654030279614963, -1.3497658039115226, 2372071000000, 
0.2262454057198966, 2.2588111567083815, -1.3327674348778942, 2372105000000, 
0.2278948956755536, 2.252246361913174, -1.3157703423432505, 2372139000000, 
0.22965526062992012, 2.2457105867911595, -1.2987734968167381, 2372173000000, 
0.2315266784679412, 2.239205689058244, -1.281772821193413, 2372207000000, 
0.23350838714928848, 2.23273355607019, -1.2647726902284324, 2372241000000, 
0.23560006604290876, 2.226296034511313, -1.2477749087040333, 2372275000000, 
0.23780041847996256, 2.219895005887233, -1.2307773106697513, 2372309000000, 
0.24010962391576926, 2.2135323068215036, -1.213778215492903, 2372343000000, 
0.24252642136785518, 2.2072097839352125, -1.1967789510053903, 2372377000000, 
0.24505055646118384, 2.2009292408987378, -1.1797834331338972, 2372411000000, 
0.2476811257618588, 2.1946925325528217, -1.1627855708385564, 2372445000000, 
0.25041702781277, 2.188501378761588, -1.1457880567771372, 2372479000000, 
0.2532578797116639, 2.182357670796469, -1.1287912042342838, 2372513000000, 
0.25620301286910235, 2.176263249145706, -1.1117931812311013, 2372547000000, 
0.2592508791604607, 2.1702196802925005, -1.094794243951322, 2372581000000, 
0.2624013447957385, 2.1642288906181095, -1.0777937486769922, 2372615000000, 
0.2656528855452298, 2.1582924065570475, -1.0607965701989843, 2372649000000, 
0.26900523972339874, 2.152412171168946, -1.043797493443713, 2372683000000, 
0.27245666924764056, 2.146589607570869, -1.0267978257124029, 2372717000000, 
0.2760068792773237, 2.14082664006988, -1.0097994911627528, 2372751000000, 
0.27965433886420726, 2.135124742236539, -0.9928034303759252, 2372785000000, 
0.2833984240357339, 2.1294857716879037, -0.9758059939754035, 2372819000000, 
0.28723738668437904, 2.1239110555815275, -0.9588071898143079, 2372853000000, 
0.291170854457053, 2.1184025557005794, -0.941809081749968, 2372887000000, 
0.2951972028705943, 2.112961602704843, -0.9248114051450543, 2372921000000, 
0.2993157759364084, 2.1075901224992815, -0.9078144158528503, 2372955000000, 
0.3035246444470186, 2.1022892120682033, -0.8908144888192147, 2372989000000, 
0.3078233515644057, 2.0970608316052246, -0.8738122503310821, 2373023000000, 
0.31221005849282724, 2.0919060895414945, -0.8568148882055383, 2373057000000, 
0.3166841275137782, 2.086826923837276, -0.8398173575232772, 2373091000000, 
0.32124351565290804, 2.0818243248077644, -0.8228198867438219, 2373125000000, 
0.32588741287352235, 2.076900079770541, -0.8058187132943795, 2373159000000, 
0.3306143075720413, 2.072055484625088, -0.7888190328665015, 2373193000000, 
0.33542307037002767, 2.0672920795124385, -0.7718218648267778, 2373227000000, 
0.34031169896235036, 2.0626107649870584, -0.7548231698173637, 2373261000000, 
0.3452795157853742, 2.0580134625034687, -0.7378222552243284, 2373295000000, 
0.3503246659754663, 2.0535011060694366, -0.7208252324664096, 2373329000000, 
0.35544576036370196, 2.049075109600454, -0.7038262487786128, 2373363000000, 
0.36064157309950146, 2.0447369500841566, -0.6868286825400316, 2373397000000, 
0.36591039515293916, 2.0404877631252494, -0.669829642596751, 2373431000000, 
0.37125035492583364, 2.0363284918454716, -0.6528316037119024, 2373465000000, 
0.3766606581231031, 2.032260978728295, -0.6358329756837283, 2373499000000, 
0.3821387210109162, 2.0282855242425746, -0.6188339188743267, 2373533000000, 
0.387683946719197, 2.0244041557254517, -0.601833961439267, 2373567000000, 
0.39329430540320426, 2.020617542619335, -0.5848348871456707, 2373601000000, 
0.3989680745977604, 2.0169267532980584, -0.5678366371998319, 2373635000000, 
0.404703770179009, 2.0133329179482615, -0.5508360639256842, 2373669000000, 
0.4105001170279062, 2.0098373812603634, -0.533838484831739, 2373703000000, 
0.4163546820361625, 2.0064405248845554, -0.5168401102834441, 2373737000000, 
0.4222663799882564, 2.003143945123497, -0.49984237278861715, 2373771000000, 
0.4282333583112436, 1.999948392001786, -0.4828412042891802, 2373805000000, 
0.4342533481943263, 1.9968543952212663, -0.46584235247724487, 2373839000000, 
0.440325509950926, 1.9938635639774638, -0.4488448102161322, 2373873000000, 
0.44644731670918053, 1.9909761233008512, -0.43184559134507433, 2373907000000, 
0.4526174020571363, 1.9881932514891092, -0.41484742400552344, 2373941000000, 
0.4588341396578283, 1.9855158974672436, -0.3978490489341263, 2373975000000, 
0.4650949599413633, 1.982944022389169, -0.3808514884103882, 2374009000000, 
0.4713991417656441, 1.980479512210456, -0.36385178852911143, 2374043000000, 
0.4777438897133797, 1.9781219061357995, -0.3468546248561728, 2374077000000, 
0.48412812454064214, 1.975872825971284, -0.3298574288748975, 2374111000000, 
0.4905495943794796, 1.9737323500253803, -0.31286037776859726, 2374145000000, 
0.4970065896919254, 1.9717013585996537, -0.2958613174405169, 2374179000000, 
0.503497180822154, 1.969780403966581, -0.2788657907305219, 2374213000000, 
0.5100195604922495, 1.9679701814711101, -0.26186767325125976, 2374247000000, 
0.5165717060999669, 1.9662711325718962, -0.24487001344006004, 2374281000000, 
0.5231514693708532, 1.9646832883440024, -0.22787076551991886, 2374315000000, 
0.5297575857288149, 1.9632081743934457, -0.2108712538110389, 2374349000000, 
0.5363875291646779, 1.9618451855692212, -0.19387273653061382, 2374383000000, 
0.5430397942585107, 1.9605952911412923, -0.17687175543846487, 2374417000000, 
0.5497122481466555, 1.9594584845598186, -0.15987444505585469, 2374451000000, 
0.5564031708311445, 1.9584354037713096, -0.1428750145351071, 2374485000000, 
0.5631106227078776, 1.957526228347121, -0.125877996757709, 2374519000000, 
0.5698324795951633, 1.95673092351318, -0.10888000247748393, 2374553000000, 
0.5765671053238637, 1.95605039055056, -0.09188228881684894, 2374587000000, 
0.5833121147594578, 1.9554837980757152, -0.07488532734812646, 2374621000000, 
0.5900659322512308, 1.9550322788417875, -0.05788871223583327, 2374655000000, 
0.596826478464767, 1.9546956898964085, -0.0408893873026093, 2374689000000, 
0.6035916231756792, 1.954473795470956, -0.023894367360585377, 2374723000000, 
0.610359489685929, 1.9543667946799932, -0.006896943885737827, 2374757000000, 
0.6171283331929696, 1.9543753225166258, 0.010104437330253404, 2374791000000, 
0.6238958653207283, 1.9544983251733932, 0.02710263806048918, 2374825000000, 
0.630660472069464, 1.9547367825491853, 0.04409824661027398, 2374859000000, 
0.6374199628343438, 1.9550899827501254, 0.061097267833692175, 2374893000000, 
0.6441725815868994, 1.9555581774227933, 0.07809663393510778, 2374927000000, 
0.65091629063022, 1.956141084155797, 0.09509284969286348, 2374961000000, 
0.6576490445781362, 1.9568382920851985, 0.11208805181999362, 2374995000000, 
0.6643690474705711, 1.9576501624179727, 0.12908703700441926, 2375029000000, 
0.671074201323128, 1.9585757158994743, 0.14608424137929607, 2375063000000, 
0.6777626935359367, 1.959615494088137, 0.16307978299813522, 2375097000000, 
0.6844324686967256, 1.9607684769097842, 0.18007689983880548, 2375131000000, 
0.6910817091645192, 1.962035066506285, 0.1970778892284946, 2375165000000, 
0.6977084087231273, 1.963414017520409, 0.21407602863701908, 2375199000000, 
0.7043107407702696, 1.9649057700036026, 0.231071770006149, 2375233000000, 
0.7108867789645968, 1.9665092859840354, 0.2480712743826247, 2375267000000, 
0.7174346053184534, 1.9682246218766197, 0.2650704537875222, 2375301000000, 
0.7239524186079548, 1.9700506851123198, 0.2820671864511859, 2375335000000, 
0.7304382503285156, 1.97198748859828, 0.2990626168687341, 2375369000000, 
0.7368902482882661, 1.9740339718762732, 0.3160607127499638, 2375403000000, 
0.7433065252032238, 1.9761898302388399, 0.3330579970114261, 2375437000000, 
0.749685226021953, 1.9784546345497043, 0.3500554727690251, 2375471000000, 
0.7560245025665302, 1.9808270839252344, 0.36705282034125414, 2375505000000, 
0.7623225085883715, 1.9833074751922184, 0.3840495874444206, 2375539000000, 
0.7685774382398524, 1.985894088538739, 0.4010461378467467, 2375573000000, 
0.7747874422625524, 1.9885868074133197, 0.41804556948724114, 2375607000000, 
0.7809507007224312, 1.9913850264179904, 0.43504541553038867, 2375641000000, 
0.7870655830435187, 1.994287200143898, 0.4520446094307713, 2375675000000, 
0.7931301894734591, 1.9972932351023112, 0.4690414488808633, 2375709000000, 
0.7991428308735476, 2.0004018654935214, 0.48603987736393395, 2375743000000, 
0.8051018178320544, 2.003612081246554, 0.50303746560355, 2375777000000, 
0.8110053068254918, 2.006923350359689, 0.5200347892169278, 2375811000000, 
0.8168517831153327, 2.010334103912538, 0.5370320511582999, 2375845000000, 
0.822639354037789, 2.013843950494732, 0.554028734407638, 2375879000000, 
0.8283664447789779, 2.0174516288502096, 0.5710272955563952, 2375913000000, 
0.8340314608900842, 2.021156018763615, 0.5880256520875221, 2375947000000, 
0.8396326859736957, 2.024956267631467, 0.6050240526956806, 2375981000000, 
0.8451685186919934, 2.0288511597365337, 0.6220193126084897, 2376015000000, 
0.8506372453810132, 2.032839788953321, 0.6390184250906081, 2376049000000, 
0.8560375859200886, 2.036920412801617, 0.6560170235084775, 2376083000000, 
0.8613676302379528, 2.0410924677608473, 0.6730140524213748, 2376117000000, 
0.8666258483850708, 2.0453546354818433, 0.6900121316145846, 2376151000000, 
0.8718111276121875, 2.0497051057733118, 0.7070129748716711, 2376185000000, 
0.8769214529946265, 2.0541434651510575, 0.7240113025413213, 2376219000000, 
0.8819557369634167, 2.0586678671572938, 0.741008192625687, 2376253000000, 
0.886912325099305, 2.063277250329466, 0.7580062115354622, 2376287000000, 
0.891789862764306, 2.0679702836416785, 0.775007414169461, 2376321000000, 
0.8965869284981665, 2.0727455501901773, 0.7920024423962708, 2376355000000, 
0.9013019802724537, 2.077601868024521, 0.809000309387392, 2376389000000, 
0.9059341272888622, 2.082537211382648, 0.8260007356563368, 2376423000000, 
0.9104813713845947, 2.087550959645629, 0.842998729416482, 2376457000000, 
0.9149429529053541, 2.092641012263586, 0.8599963616394799, 2376491000000, 
0.919317253086655, 2.097806206085263, 0.876994571969906, 2376525000000, 
0.9236030196057106, 2.1030451255652185, 0.8939961206101058, 2376559000000, 
0.9277994051437003, 2.108355803509681, 0.91099366435978, 2376593000000, 
0.9319045880138006, 2.113737411317353, 0.9279929254380795, 2376627000000, 
0.9359180331221567, 2.119187739432862, 0.9449908088505192, 2376661000000, 
0.9398381331083667, 2.124705658234712, 0.9619891749162038, 2376695000000, 
0.9436638548216953, 2.1302895410389913, 0.9789860995759289, 2376729000000, 
0.9473942909658587, 2.1359375001474272, 0.9959851684659754, 2376763000000, 
0.9510278612791752, 2.141648407883775, 1.0129834980378838, 2376797000000, 
0.9545642502959001, 2.1474198316223596, 1.0299808060974958, 2376831000000, 
0.958001644955281, 2.153250876562716, 1.0469777637575106, 2376865000000, 
0.9613396583130427, 2.1591391721095596, 1.0639758571545948, 2376899000000, 
0.9645769008691089, 2.1650834920337614, 1.0809763535311068, 2376933000000, 
0.9677124742928225, 2.171082066281901, 1.0979750025985813, 2376967000000, 
0.970746016888688, 2.1771325955564635, 1.114975109187754, 2377001000000, 
0.9736758354975781, 2.183234319184179, 1.1319726834084156, 2377035000000, 
0.9765018811743604, 2.1893846155956402, 1.1489704555794005, 2377069000000, 
0.9792225335882103, 2.1955825602347847, 1.165967832765408, 2377103000000, 
0.9818379715372362, 2.201825396757757, 1.182966391682206, 2377137000000, 
0.984346835475128, 2.208111989007031, 1.199964436680665, 2377171000000, 
0.9867481757256761, 2.2144406425286918, 1.2169600219983863, 2377205000000, 
0.9890421386894197, 2.220808802960001, 1.2339581331012377, 2377239000000, 
0.9912271692211444, 2.2272153304136837, 1.2509555124567504, 2377273000000, 
0.9933033121384035, 2.2336578312266813, 1.2679533682577657, 2377307000000, 
0.9952691388323172, 2.2401350125487536, 1.2849499488857934, 2377341000000, 
0.9971251086631574, 2.24664424225846, 1.3019479906680136, 2377375000000, 
0.9988700811881532, 2.2531841325815067, 1.318948988765629, 2377409000000, 
1.0005035497067931, 2.2597527902014938, 1.3359456050317569, 2377443000000, 
1.0020250237962824, 2.2663483253220367, 1.352943456598948, 2377477000000, 
1.003434317067998, 2.272968758615957, 1.3699415226710048, 2377511000000, 
1.0047308195788192, 2.2796122618770536, 1.3869393341942946, 2377545000000, 
1.005914228011113, 2.2862768482557048, 1.4039337700880439, 2377579000000, 
1.0069839025636167, 2.292960741761909, 1.4209325362138485, 2377613000000, 
1.0079402937828816, 2.29966156292854, 1.4379288719001029, 2377647000000, 
1.0087826187982374, 2.3063776578056787, 1.4549267175203284, 2377681000000, 
1.0095104216076214, 2.3131071524069284, 1.4719259838326926, 2377715000000, 
1.010123807053372, 2.31984799649961, 1.4889253411137813, 2377749000000, 
1.010622180960784, 2.3265984242514843, 1.5059231305514837, 2377783000000, 
1.011006333397804, 2.3333561314766866, 1.5229207664388842, 2377817000000, 
1.011275088286877, 2.3401196125170807, 1.5399201592124236, 2377851000000, 
1.0114291421261612, 2.346886611993705, 1.556915784489651, 2377885000000, 
1.0114678688921972, 2.3536553980669503, 1.5739121749367415, 2377919000000, 
1.0113920767021782, 2.3604236913191072, 1.5909086783057693, 2377953000000, 
1.0112009018946357, 2.3671898543463046, 1.6079059877475124, 2377987000000, 
1.0108950667345715, 2.373951723189189, 1.62490328836738, 2378021000000, 
1.0104743199950146, 2.380707424163556, 1.641899228496223, 2378055000000, 
1.0099385393318978, 2.3874550699740196, 1.658896896674365, 2378089000000, 
1.0092886710023916, 2.394192501784805, 1.6758944690263633, 2378123000000, 
1.0085239274467463, 2.4009180025087904, 1.692891542077271, 2378157000000, 
1.007644993197761, 2.407629534166748, 1.7098899378224446, 2378191000000, 
1.006652237167089, 2.4143251055075985, 1.7268872664108865, 2378225000000, 
1.0055456148485926, 2.4210028591086212, 1.743883760697462, 2378259000000, 
1.0043254609722183, 2.4276608082531217, 1.760880426424052, 2378293000000, 
1.0029928071156684, 2.434296961296561, 1.7778782743050192, 2378327000000, 
1.0015472768295186, 2.4409095444848306, 1.7948776537543922, 2378361000000, 
0.9999897797986562, 2.4474965596037004, 1.8118736938480913, 2378395000000, 
0.9983203406158585, 2.4540562141665365, 1.828871522340304, 2378429000000, 
0.9965398567283504, 2.4605865260099735, 1.8458678242011033, 2378463000000, 
0.994648659147295, 2.467085715114759, 1.8628646991057962, 2378497000000, 
0.9926470469753319, 2.473551851544452, 1.8798608452889713, 2378531000000, 
0.9905361191079093, 2.479983036414745, 1.8968581574148515, 2378565000000, 
0.9883159832585212, 2.486377428211496, 1.9138537752217752, 2378599000000, 
0.9859875763834833, 2.49273313044989, 1.9308515598176732, 2378633000000, 
0.9835512848249655, 2.499048311915085, 1.9478479904228467, 2378667000000, 
0.9810084458097414, 2.5053211561730886, 1.9648459261573064, 2378701000000, 
0.978359238708531, 2.511549842116056, 1.9818457176387108, 2378735000000, 
0.9756042700105364, 2.517732549630152, 1.9988433807862227, 2378769000000, 
0.9727449834097349, 2.5238675855142283, 2.0158413477719956, 2378803000000, 
0.9697814540610304, 2.52995307300157, 2.0328398711605162, 2378837000000, 
0.9667151907225765, 2.5359874149261965, 2.0498370430776514, 2378871000000, 
0.9635465224321049, 2.541968714189588, 2.0668316933783792, 2378905000000, 
0.9602768525574111, 2.5478953426131175, 2.0838294878518577, 2378939000000, 
0.9569067687370684, 2.5537654810643122, 2.1008257900557146, 2378973000000, 
0.9534376299941648, 2.559577533562932, 2.1178216749375145, 2379007000000, 
0.9498701482102891, 2.5653297343697345, 2.1348203640857575, 2379041000000, 
0.9462052465821753, 2.5710203518674644, 2.1518192292920695, 2379075000000, 
0.9424443362149337, 2.5766479471779835, 2.1688184675320907, 2379109000000, 
0.93858827596029, 2.582210783710986, 2.185814294894399, 2379143000000, 
0.9346381847544821, 2.587707279780719, 2.202814308654062, 2379177000000, 
0.930595193542223, 2.593135836315871, 2.2198121714125696, 2379211000000, 
0.9264606281408271, 2.5984950013915844, 2.236809045924481, 2379245000000, 
0.9222353973923915, 2.603783016615942, 2.2538044689107153, 2379279000000, 
0.917920978508813, 2.6089985140762963, 2.2708022384179594, 2379313000000, 
0.9135186917410966, 2.6141400225821925, 2.287799913366998, 2379347000000, 
0.9090293871741346, 2.6192057902562897, 2.30479761175645, 2379381000000, 
0.90445495233192, 2.624194760844752, 2.3217955564403536, 2379415000000, 
0.8997959614690259, 2.6291048946216273, 2.338791593770444, 2379449000000, 
0.8950545762933022, 2.6339353697785035, 2.3557892467275834, 2379483000000, 
0.890231742095191, 2.638684502880765, 2.3727900172899545, 2379517000000, 
0.8853286638893356, 2.6433507596774537, 2.3897894397554174, 2379551000000, 
0.880347004553136, 2.647933046767998, 2.406787132134511, 2379585000000, 
0.8752883338127627, 2.652430107192475, 2.4237840974669256, 2379619000000, 
0.8701536896195043, 2.656840296969124, 2.4407829539285646, 2379653000000, 
0.8649451928145483, 2.66116290765011, 2.457781206388139, 2379687000000, 
0.8596636482357912, 2.6653960582650194, 2.4747791847990923, 2379721000000, 
0.85431115890475, 2.6695391171734255, 2.4917782628103637, 2379755000000, 
0.8488886149705374, 2.6735902721365505, 2.508775762845574, 2379789000000, 
0.8433984728204538, 2.677549142605973, 2.5257726885538347, 2379823000000, 
